,layer_idx,func,ISTFC_L1norm rus _s0 mean,ISTFC_L1norm rus _s0 stdv,I rus _s0 mean,I rus _s0 stdv,S rus _s0 mean,S rus _s0 stdv,T rus _s0 mean,T rus _s0 stdv,F rus _s0 mean,F rus _s0 stdv,C rus _s0 mean,C rus _s0 stdv,ISTFC_L1norm rus _s1 mean,ISTFC_L1norm rus _s1 stdv,I rus _s1 mean,I rus _s1 stdv,S rus _s1 mean,S rus _s1 stdv,T rus _s1 mean,T rus _s1 stdv,F rus _s1 mean,F rus _s1 stdv,C rus _s1 mean,C rus _s1 stdv,ISTFC_L1norm rus _s2 mean,ISTFC_L1norm rus _s2 stdv,I rus _s2 mean,I rus _s2 stdv,S rus _s2 mean,S rus _s2 stdv,T rus _s2 mean,T rus _s2 stdv,F rus _s2 mean,F rus _s2 stdv,C rus _s2 mean,C rus _s2 stdv,ISTFC_L1norm sla mean,ISTFC_L1norm sla stdv,I sla mean,I sla stdv,S sla mean,S sla stdv,T sla mean,T sla stdv,F sla mean,F sla stdv,C sla mean,C sla stdv,ISTFC_L1norm ine mean,ISTFC_L1norm ine stdv,I ine mean,I ine stdv,S ine mean,S ine stdv,T ine mean,T ine stdv,F ine mean,F ine stdv,C ine mean,C ine stdv,ISTFC_L1norm mul mean,ISTFC_L1norm mul stdv,I mul mean,I mul stdv,S mul mean,S mul stdv,T mul mean,T mul stdv,F mul mean,F mul stdv,C mul mean,C mul stdv,ISTFC_L1norm rus_allseeds mean,ISTFC_L1norm rus_allseeds stdv,I rus_allseeds mean,I rus_allseeds stdv,S rus_allseeds mean,S rus_allseeds stdv,T rus_allseeds mean,T rus_allseeds stdv,F rus_allseeds mean,F rus_allseeds stdv,C rus_allseeds mean,C rus_allseeds stdv
0,1,cosine,0.012759833711962085,0.027306218286766364,-0.33096817531300965,0.030761557928729383,0.03909132305882927,0.023963984034872567,-0.33901855364967404,0.028754679819997107,0.18160219329482957,0.02707248304638486,0.4325976140402822,0.017965793952477837,0.1053536428891122,0.026235084006898935,-0.08657589997231818,0.04376283725961816,0.15377497847144297,0.03591508674259081,-0.2464357351808643,0.035739394147253765,-0.07792635466052086,0.03641335165138544,0.19921909654185693,0.03765928236698624,0.01869093496238238,0.01771381588678442,0.04771046836966648,0.0327028964733957,0.02895702151406627,0.031824348697616155,0.022395761907487866,0.03733278474792887,-0.06461799939797427,0.030988015738317984,0.03148315150483727,0.028379249949571504,0.19531659262062023,0.031342835345837254,-0.21571689736343114,0.0417661193869927,0.11566725139536023,0.01787166273789358,-0.23676984009750193,0.033296870938358196,0.1623308486775396,0.03810205209535563,0.22887259800093102,0.02211152191742977,-0.062094872552439506,0.03182217962462787,0.05615489637926498,0.03146472271010416,0.0370831219274392,0.03260263896816886,0.021915231661148244,0.035054560878534785,-0.09438393172654985,0.02794294574277811,-0.003728622092151069,0.03917513116579163,0.06083359196564845,0.02385374610512174,-0.2136210908123438,0.02586673577675435,0.23315422895778148,0.02583237431454104,-0.13368449378215747,0.027285854794944824,-0.032180249735767295,0.02031342855319358,0.24645986565064043,0.02061426173992238,0.04560147052115224,0.048940469650865015,-0.03883819922536745,0.14670591650102635,0.07394110768144617,0.06486267207376639,-0.18768617564101683,0.1593472734522737,0.013019279745444806,0.12517030060276405,0.22109995402899207,0.1696408983398547
1,2,cosine,-0.044600125288679716,0.021657212672375546,-0.2915044595943456,0.028351158692847777,0.09695483040065403,0.01872514774023024,-0.4224862147373341,0.029421391832446506,0.019841116065785126,0.021732624735352923,0.4181360688014698,0.01752787836969379,0.13356801943624413,0.023115401007557067,0.006312069378307529,0.043591041485520926,0.2260412664471149,0.033502960552351156,-0.24081490354121363,0.024765034279367874,-0.21434514428152912,0.02917821443248925,0.20998391116295817,0.031115718750571564,0.02180467609015036,0.018477622237110504,0.07194896615308415,0.03339428612616904,0.05485207374703952,0.032469621409175344,0.008149545703048346,0.03213692818152814,-0.08629638758965756,0.03472002072136308,-0.013879552381911756,0.03260009734746295,0.17477052921651365,0.03132960939273912,-0.1687340609167478,0.0412978554856792,0.12379950298745435,0.023169520264615454,-0.23066417885334634,0.04182220184300556,0.01671670578339743,0.0325028054312511,0.21819187844352794,0.029462392430539754,-0.06775706279463972,0.03553824655210161,0.07400568424040796,0.031071817120775676,-0.026185685661888787,0.034173368233257694,0.05483410588586649,0.028201678271929407,-0.07362261138047119,0.020691323277687825,-0.027484418351749574,0.027696573357364616,0.04407818532223392,0.02229798011716313,-0.07176800217392192,0.0258255707617136,0.16726889680721493,0.022275778315334897,-0.24383380091188012,0.02935869791843301,-0.11249183868400647,0.019870267726129206,0.3044458970346988,0.025432869618824783,0.036924190079238264,0.07751561507978552,-0.017078475637539867,0.13863368568330797,0.12594939019826948,0.07919534305741532,-0.21838385752516648,0.1816958840925848,-0.09360013860180053,0.10133226151494143,0.20474680919417207,0.1814351333380925
2,3,cosine,-0.10818313218614213,0.02586906701595641,-0.3047258758680582,0.025913986176051094,0.2233320598740376,0.02171731648928772,-0.40580290310254863,0.02916153762395741,-0.11274776191937982,0.019732263390465733,0.4432204645999948,0.023644563193745857,0.10226942124126655,0.023194302882063957,0.049825787737596626,0.03386373126542614,0.19371100362592436,0.03379601363305405,-0.17361729293279266,0.028877093125601556,-0.18044651546002183,0.03234851938000659,0.19465955177917282,0.03507078493300124,0.012177396732302503,0.02329440599363719,0.10103814151310313,0.032472961747017,0.05536886561867251,0.033625667138774816,0.03368540270981674,0.034269205141023856,-0.10389734667620254,0.03571624785577904,-0.03285958353098807,0.03004062374805268,0.1810405324452104,0.03832434794490242,-0.1701703836491641,0.04002844598802983,0.02542308327413752,0.03636161942835175,-0.27137072332795215,0.04274420073668138,-0.006056041762472884,0.03457692108001575,0.2212629228309849,0.04242999607667118,-0.07094046470740256,0.03517559523033844,0.02838813990416733,0.035544118726833045,-0.08400640426455311,0.030105124650408186,0.06647340774943944,0.02908497013721119,0.0013540316657570308,0.024027083840358985,-0.04007612329150413,0.036791379357285485,0.08690675364108735,0.022054852694641833,-0.037659476843090595,0.02449146697153513,0.28394680276894285,0.025817560234187575,-0.24884074976857598,0.026598540268475284,-0.18645752592238035,0.020044990217893528,0.3099678613849025,0.03548895739228543,0.0020878952624756356,0.09073011890230058,-0.024599710138321917,0.1475158987421777,0.15747064303954483,0.07996962999517099,-0.1819115977751748,0.1849985767854084,-0.1323638746852014,0.04528595274987486,0.20167347761605986,0.1998466798593347
3,4,cosine,-0.14974404571411332,0.028361086184549474,-0.2913727644072395,0.028330966773982075,0.06429950016109125,0.024707825120571375,-0.4004629619045394,0.028662041283162663,-0.39407519047776873,0.02049313127923736,0.4371452034132986,0.024040107805037774,0.10980964500740979,0.018584994166501136,0.046372533268923086,0.02155764218062927,0.16799670391202895,0.019839155818663363,-0.2242499515198621,0.03555932238560693,-0.21542819329013083,0.033956186521114914,0.19020023536879854,0.02290223188117712,0.022098401333361765,0.01766566055141953,0.12899165658211814,0.03308540479704576,0.04858289177110174,0.03109886763854411,0.0013591175940129846,0.03101439149261795,-0.10108626422247864,0.03725369807342054,0.02697699188801623,0.018371527594388162,0.2159513726504964,0.041290603847711944,-0.21081152941732575,0.04305852636761146,0.10665227171795785,0.02624178202786363,-0.22425826956934514,0.04686367814486872,-0.2885824272623147,0.027651505665649716,0.2227341171796584,0.04351242282231224,-0.07989265192890325,0.029154723819820236,0.015609614297106009,0.03133901521148384,-0.11926119869854859,0.027953382593468624,0.06685394856112906,0.026187373868586546,0.07416470773200969,0.015273921147529247,-0.06446541087987306,0.0347774641159073,0.11257036404234413,0.02202645905847775,-0.2306967008804537,0.028813533290207353,0.19182960657158052,0.029970343291519052,-0.30388361759288646,0.030667687613419002,-0.21638076222282338,0.024058618892659617,0.2548669805665248,0.029137683829854565,-0.0059453331244472465,0.11169444410827038,-0.02230742898825666,0.15355276191968714,0.0936263652814073,0.05928893092149258,-0.20778459861012955,0.17007121936651887,-0.2368632159967927,0.12632087208336298,0.2181074768900378,0.17278964578056608
4,5,cosine,-0.17043851346156852,0.03455800936551775,-0.41455469095687664,0.030198284207696997,0.38005410175664495,0.02484317368963644,-0.42069409540046127,0.02581192063067702,-0.34265679500027796,0.018392240036044328,0.42060119268259333,0.023419853867037627,0.08864423723129135,0.02392030447909141,0.16166637593474106,0.025752304719095388,0.14884097187764578,0.021355592881870916,-0.21318138653713176,0.03811590999923477,-0.22779716763388153,0.022390760852735968,0.17154927480246177,0.02265883446606289,0.038239784304949356,0.021828486927382207,0.1475451734702671,0.039140915823065704,0.10567830056674184,0.04416082020679718,0.00045121912546648333,0.025905633712778046,-0.09586499531452672,0.0381753116454384,0.038808525387147665,0.020988682278527508,0.2129840741439534,0.04279404361400033,-0.3351091995058032,0.03296354458065096,-0.11610166788832803,0.02332840073197936,-0.17147418203245218,0.0483936820942302,-0.20938371518583368,0.03060431152085559,0.20704213940131266,0.04904620160453336,-0.042976074285036615,0.025833265168530215,-0.04483833295410379,0.027383648718279814,-0.05964015129595833,0.02150632634096264,0.042574221183671504,0.02716498424148041,0.11127755902237921,0.01836251314852721,-0.03246204366578561,0.026527938497956243,0.1740045358286927,0.026662520618373764,-0.26859967670838597,0.029634889872152487,0.08330006896197814,0.024045162720964672,-0.27806383354815134,0.036388428997855105,-0.2432112703834366,0.02494490938864199,0.2531008215623856,0.027165622407779155,-0.01451816397510926,0.11708479884647705,-0.02481627224619937,0.20962052699278147,0.21152445806701087,0.12629460591514777,-0.21114142093737553,0.17733573447466605,-0.2221063193162287,0.10597487080765661,0.21031966429073423,0.16240618348424873
5,6,cosine,-0.21047942805439113,0.03701060897977708,0.2707146769264815,0.0399370506788401,0.16491907005009981,0.031371047378864855,-0.41993086891542825,0.015276897478235758,-0.41753541364411906,0.016310757565241075,-0.33955349907724985,0.02349120059290726,0.12250083526010629,0.03486311318091168,0.06723368778097027,0.025240243609036303,-0.13104702791110295,0.03757922180432952,-0.06215148302431219,0.021666123961972646,-0.07913517364635946,0.030844787934622316,-0.09390048605873896,0.03816567931525455,0.007066899152930063,0.015709023866433938,0.10001235221232559,0.03971308982240785,0.015058650123432743,0.02374793785988834,0.03209720357986713,0.04177648315193458,0.04180770840743958,0.03472851137663311,-0.024146721484330266,0.03794478968786604,0.11437275908453026,0.038963246090552926,-0.15361519390727946,0.032781001818642866,-0.020530102053132937,0.030356514674845483,-0.18528989176559224,0.04176490032761127,-0.18445658020058048,0.04076184482977141,-0.010048281680736413,0.03608253901767679,-0.0406458178676707,0.022720483535815347,0.09317173495738112,0.01963111435931871,0.02083800892420077,0.027944781411664867,-0.006161035566036912,0.02493777471338161,-0.00335096770597448,0.03207296247515534,-0.0878014954711006,0.025647817906731134,0.18222848044451323,0.03326287387470669,-0.059772925412688714,0.0238984634780488,-0.14088445622755572,0.02660575826031798,-0.2840798011633316,0.0373560127873873,-0.34781923757404654,0.018887186120474724,0.1313682325297272,0.035168578528419564,-0.02697056454711825,0.14350843664121204,0.059508170546403776,0.14951728728070962,0.016310230754143184,0.12657911499328253,-0.1499950494532911,0.19995059611204105,-0.15162095962767969,0.1996207574841647,-0.1525335688734397,0.14142246768157132
6,1,l2,-0.18269638424026607,0.03367297481315712,-0.41233103878203636,0.02947742079434469,-0.40537869890103273,0.03118907987648102,-0.40833449448884906,0.030240019445104772,-0.40327776936726584,0.03065774548731517,-0.40641695578815556,0.03019448915851124,0.1037913684179916,0.015728694010422792,-0.19901264625828632,0.029857330092287554,-0.2063445943135335,0.030060272735956323,-0.199910017659304,0.029023625173330014,-0.15711483497676892,0.03734023906663214,-0.19939366722213792,0.030140053013734344,0.042605574797403636,0.012774254001760939,-0.004582961139164375,0.0268327050778505,0.012650555642904588,0.028442288057348025,0.01288990217548874,0.025160403441281922,0.03454767690577814,0.02875772882393301,0.017979254893236464,0.02649866229993861,0.23058881652382812,0.030507389368008474,-0.2399222338194435,0.0439710870428534,-0.24903805245812846,0.04614684376823608,-0.249978832728076,0.045149504214297365,-0.19482154806103322,0.0422467388790039,-0.23809867375302307,0.04408918537661581,-0.03409194765710633,0.03170098931889353,0.025679663745026803,0.030011902411613826,0.027449394988489,0.028564915979088317,0.026287950329738973,0.02993917114037763,0.05185788735268031,0.02858919822529952,0.03680839928322084,0.02778157810982638,0.2054955537202897,0.030266584238449856,-0.30920171182501016,0.03228932092909986,-0.31257396814149263,0.03313680800799454,-0.30695645202812266,0.03166871077761197,-0.2843763976185742,0.028965637333854547,-0.31364502264821864,0.03192301342308419,-0.012099813674956938,0.1271933551933157,-0.10870434786739303,0.1786637294985589,-0.1996909125238872,0.1760264912025261,-0.19845153665755483,0.17701458625743116,-0.17528164247941885,0.18493772301775718,-0.1959437893723523,0.1784453963363431
7,2,l2,-0.18326146490034007,0.032928469595582745,-0.40795264566186357,0.02810109667957534,-0.4090445869789619,0.02937577084208318,-0.4059610518653029,0.0290309768071285,-0.39739441366313355,0.028771153538912263,-0.40643694182994305,0.028911372632620693,0.10784343961550355,0.014495334219691555,-0.19429219579288767,0.02904404421178791,-0.2111105387067007,0.030733258604624343,-0.18228956320349762,0.029399996219814664,-0.13905406615760774,0.038291722347716745,-0.1962983195154589,0.02930439815165876,0.0404198436884841,0.013508045540425203,0.0019830138925366046,0.025678744616208237,-0.004988117409630099,0.028008483961962805,0.01814562559195252,0.024071911540295685,0.041252239536106315,0.030397679856137325,0.01902849747821484,0.026743727626418037,0.22954468142556386,0.03663269448588437,-0.23183576092203156,0.04306985146346212,-0.2400831301404168,0.04559782539944544,-0.22376895167953537,0.0435298458596806,-0.16853652765957888,0.04315919363794669,-0.2291338012678361,0.04342241999733686,-0.05694748227561246,0.03274792380224454,0.047373170580942404,0.03139619735067735,0.06837013976896052,0.032051644822575734,0.04021434112856777,0.03524237292143812,0.06724702355061381,0.025324171349551457,0.05181482929482921,0.030728475143484625,0.2184090027916979,0.025803866194442412,-0.2986753730127375,0.026554909787141534,-0.30683918784983744,0.02812007280285714,-0.2922119659285552,0.02840653785657197,-0.13030555681259035,0.02747576342169285,-0.3104498737660894,0.02858131046740981,-0.011666060532117462,0.128344397068629,-0.10587666819309448,0.1781071931568834,-0.20838108103176423,0.17016699713759947,-0.19003499649228264,0.1781912740449752,-0.16506541342821165,0.18580354591560008,-0.19456892128906236,0.1787733724459068
8,3,l2,-0.17857357164797394,0.028442177999132446,-0.4126300077037298,0.028705537461779247,-0.4179516667345121,0.027955151439808097,-0.41262479670657737,0.02890558312976206,-0.391480285752928,0.029611005039219093,-0.41694451333580107,0.028279007580694137,0.10125488610757157,0.01787103374616498,-0.21425225627464153,0.028313290788211192,-0.21643374592862927,0.027441146237014526,-0.19167728974715353,0.029574966486768512,-0.13782715794909794,0.027439178718828474,-0.21546422668414986,0.03102949353811212,0.03610940428589057,0.014564316608557943,0.011095332849634801,0.026060673291993415,-0.00303355903908135,0.026204469829682643,0.014544623860057906,0.02531052170482139,0.050266804916798094,0.03101491683952988,0.01854763162906701,0.027006242007032038,0.22090835112901086,0.03806879628828063,-0.2198496461248493,0.04295221956922451,-0.23532334981617153,0.0448560462430754,-0.2148298024864912,0.04358301947535727,-0.15629298729670657,0.043664541531170775,-0.22087479846777658,0.042673902980188756,-0.0658623080925049,0.030845684908116996,0.049330600356157314,0.032512077336733246,0.12138690535485266,0.03242824319125065,-0.02754412413080154,0.03467424621151335,0.02250445938104851,0.03008594426851118,0.03234673962735862,0.0346506517589108,0.2067083418536894,0.025918147339959743,-0.27531700568813905,0.026724293121623915,-0.29958118298300673,0.026488255620761084,-0.2687738580787118,0.03051068385250435,-0.006281522136479409,0.024968906643299555,-0.2900167222016561,0.02805988925409433,-0.013736427084837268,0.12329569004376935,-0.1094993687305414,0.17996029868185665,-0.2124729905674076,0.17429771650176545,-0.19658582086455764,0.17945198949635044,-0.15968021292840928,0.18626923484917374,-0.20462036946362797,0.18312024500958113
9,4,l2,-0.16679563598924366,0.025383313336386156,-0.40911078687724756,0.027365812772832333,-0.4134018300411394,0.028712131850257498,-0.4099426525186859,0.02698187552488391,-0.33666945925416153,0.029182454150712196,-0.42099814346829645,0.02602509499565878,0.14189053842985028,0.018283640324301288,-0.2252747148718973,0.03033623004050097,-0.22955673777628965,0.027779263707524066,-0.21258764216309106,0.028743182409129313,0.08142799740038803,0.03973599006129358,-0.23571274711322276,0.027102948053149854,0.03005144412827429,0.015234439040361935,0.018318866319525808,0.028235591690433434,0.010259650249833828,0.027744208369749907,0.02420279167353605,0.028850064828133973,0.062009892477656314,0.03053078558052481,0.008592335475611031,0.02533867539925925,0.21150521432800198,0.03871269298457764,-0.21024443879622395,0.045129973853034265,-0.21554217594941286,0.04785617047597271,-0.20627041731247392,0.04532490262359233,-0.13667156118107168,0.041171646863988845,-0.2113890921157918,0.044127270807778916,-0.07080990069150372,0.03713678923451283,0.04956660071230594,0.03710756096368915,0.08770616121574551,0.033904746031583055,0.004030727363737296,0.04085804474536056,0.024808267353118425,0.03566609847152574,0.04321494056328927,0.037274532925716954,0.18581175775190487,0.02984481497243929,-0.2630488052168623,0.028527044763701916,-0.312159135448167,0.02644525972454167,-0.13272506770375198,0.029081930588663107,0.011086258356536788,0.024709609927718874,-0.2435913129114491,0.02755142480591831,0.0017154488562936322,0.13122446298681043,-0.10182004814345637,0.18794976925588516,-0.21089963918919838,0.17849552252447404,-0.199442501002747,0.1825567384685611,-0.06441052312537239,0.19861793848603376,-0.21603951836863605,0.1807103561177652
10,5,l2,-0.17050854725510553,0.03134377261638894,-0.43145599165880605,0.029595202807066373,-0.4561402807437922,0.022596791367675565,0.39551049429942153,0.019069870867972058,0.379647187906199,0.017211122086970572,-0.43218662524775786,0.024724190978534982,0.10489702775951296,0.016074879989705214,-0.21292345617340555,0.036074945539183924,-0.2374823128331145,0.02878331294920041,0.12801649358848083,0.025285541780661492,0.23843396342051276,0.02454278629174336,-0.13355104646272667,0.02047955503997793,0.025408502761369467,0.018752037686395964,0.02347657458841719,0.032218044894624,-0.0019658845929588498,0.028610663074469092,0.05065113511892735,0.03337935370859939,0.07499853184403037,0.033224947424875986,0.00448400376552466,0.0234298967083489,0.21530226516462472,0.04231688930781645,-0.24097628379437297,0.03681974687809518,-0.16194749939078448,0.0245121792006602,0.18970239565593044,0.04264520893491843,0.15183445279695615,0.03554063429695857,-0.20546917416399127,0.0499898149175211,-0.066049397285487,0.0284918462907832,0.025006976399139114,0.02821346390998715,0.05941092062260861,0.030665314678145785,-0.03629603081155451,0.030712340727950614,-0.05669402405293226,0.019227447723546922,-0.02542274711093131,0.026558501372876225,0.14946623836509848,0.026496348730332644,-0.2802947370118348,0.02796806595489866,-0.275964244081064,0.032363577235525666,0.07685029390817051,0.026672591926902644,0.10325020833926679,0.023047425180649447,-0.204160691773615,0.028147697943103782,-0.013401005578074377,0.1197937995203358,-0.11018431499633632,0.18605969590770133,-0.2318628260566219,0.1903956467920382,0.1913927076689432,0.15244477286116714,0.23102656105691402,0.1290414630335906,-0.18708455598165327,0.1866779138000064
11,6,l2,-0.10379424925460863,0.034071399799386906,0.4431617827069324,0.024842884476101987,0.434857540978697,0.029477319920635982,0.44201496173894517,0.02321601848424462,0.44087444324504615,0.022258900841959094,0.44154306718729835,0.023279255794336713,0.060885354270456736,0.017826283067709125,0.19956144245731033,0.032873286188498475,0.18037150708986924,0.035432646072423274,0.19018123753101218,0.03345986043460535,0.18925895112776936,0.03329268047287668,0.19368087118013688,0.029464359562085787,0.028241609938692867,0.02054891038117637,-0.02646663166866526,0.03363516097784261,-0.030387427589011983,0.033983374509701826,-0.02711956251836286,0.03445442245576327,-0.03429143394019162,0.035814429016784326,-0.029182705763687266,0.03505719451543001,0.18303596035559777,0.032587008312431914,0.225123334640623,0.037929678771393915,0.15868214730659708,0.03386525189812528,0.1928646033649839,0.035212993051396045,0.22395660731064893,0.03984890502243247,0.21818316951727584,0.04144741183747108,-0.027444306701447985,0.022697344225452606,-0.03700427353233355,0.019886995350420947,-0.028798990900392167,0.02535512707023148,-0.024935093431162965,0.018303420632710107,-0.02532875462995262,0.02825623946901114,-0.018319330712706652,0.023397053886479734,0.26404618892163195,0.02595134828729674,0.3038493057857795,0.026132146077515694,0.26379473430879435,0.025442476868831016,0.31101230302871696,0.026978420918145216,0.35637542891328167,0.017087352234545234,0.35567553478857444,0.019673164463817526,-0.004889095015153017,0.07637691531055743,0.1002648847416864,0.18232687735293315,0.1949472068265181,0.19607919407238558,0.20169221225053147,0.19722509670577554,0.1986139868108746,0.19967254362784537,0.2020137442012494,0.19763315287042313
12,1,norm_ratio,0.01271080354607131,0.02709846098953423,-0.399362692650619,0.02830574429623993,-0.18136086588954425,0.024384412122980658,-0.4062136899738313,0.029623248877410992,0.3453651939987159,0.03065243890523619,-0.20003769812184383,0.018396998184109347,0.013760882269848087,0.02456391694292164,-0.10044719460828615,0.042106785651643844,0.14249796969824788,0.029281246187097723,-0.05517054350893776,0.03922762141577517,-0.005377071148297348,0.03934325993740702,0.14798415120504982,0.03468690773315235,0.017174436120982364,0.020057322966856694,0.05002427104945709,0.03237083009681117,0.03585450325784442,0.03039208982372749,0.060059336019362385,0.03414129126597521,-0.04934291297917841,0.03057222308082461,0.10189103794996926,0.035974145590082114,0.1765774017671186,0.029171572922520927,-0.17356015317794235,0.03958360578597989,-0.034526463192104506,0.025465988404335813,-0.14751370572991732,0.03387412166003442,0.17948809965625762,0.03966881055161199,-0.10048970044088415,0.031363491312916776,-0.07708167892539511,0.029480128622694876,0.09022313098820907,0.027345923920030473,0.057532519649014846,0.03429638828392522,0.10230100302682292,0.02768661148726933,-0.06892000353677466,0.02962858997274335,0.11507744901666932,0.033050175252535105,0.1297991800738921,0.02502795236873476,-0.2724974215614385,0.025517309393820558,0.15918516500137903,0.022424803686291926,0.017773348501799274,0.017614275508134887,0.12958081025429632,0.026184856021262373,-0.03860226041298463,0.02363856213242687,0.01454870731230059,0.023318639412069485,-0.0676899157120911,0.15948159386681715,-0.0010027976444839846,0.13972641580021117,-0.13377496582113554,0.20443110636825101,0.09688173662374673,0.1825702065726828,0.016612497011058425,0.15976323144875385
13,2,norm_ratio,-0.01869857628491694,0.01846990326550543,-0.385833680080266,0.028087456464191137,0.006193788404715622,0.016082091607182963,-0.39613647973654287,0.024921344418958703,0.28924127428300517,0.028615393056805768,0.2788733544143836,0.017898546075798355,0.11164523240416382,0.02037605145630182,-0.04304072332752839,0.04816805712197793,0.2549022559218165,0.04115142108337313,-0.18516409760133615,0.03343784204099911,-0.15959244706988715,0.03141937365110175,0.23434579285652118,0.023130134403884617,0.015246901465588372,0.023030863754670172,0.06560477893902801,0.031206576123206358,0.06253931477213046,0.03152380179103766,0.04194148124763951,0.03578122849965018,-0.04866258707867174,0.031338832593532845,0.12469571854189654,0.03283965811816469,0.16723733104225993,0.03412291187951011,-0.15103567984159152,0.04097093010072227,0.09096106409095729,0.024350695784034686,-0.15966783442517324,0.040150125155539666,0.14338364159237116,0.04133899396849082,0.15618626920284256,0.015331426372789203,-0.06602963532059249,0.03859056580173927,0.06803328359153209,0.024603363276398012,0.019221163510312268,0.025021624153295834,0.039435077959039506,0.03267182353899742,-0.033125842902280274,0.015500521856807895,-0.012329412463227352,0.024001692083190047,0.07661899326413886,0.026693638982086536,-0.22274040751699845,0.027662545467412918,0.14159155139316904,0.02071094909579342,-0.0965357851258322,0.026669590210003636,0.0032288474188530763,0.022857143411124704,0.27722950106335836,0.020388875599860624,0.03606451919494509,0.059604678652458186,-0.04251267781398851,0.16573391402941753,0.10787845303288751,0.11243794914191814,-0.1797863653634132,0.1845002972214406,0.026995413378148734,0.19636470329580435,0.21263828860426712,0.07030136876566513
14,3,norm_ratio,-0.1566811020593212,0.02901251027431351,-0.38591616759803987,0.029370771986261677,0.22007474109784667,0.018243134786380524,-0.4094902267164682,0.03098257289501453,0.17151807006284892,0.03323518924229982,0.4330406908940379,0.025717766817011975,0.07500607790260495,0.016847333085141466,-0.040114854508779274,0.04567785592513917,0.1988181075285113,0.03816606591112525,-0.15315677435265462,0.04284708434529697,-0.04449759611436342,0.05288758974537468,0.21561612451176373,0.024499033274120587,0.01587347001132252,0.022644300709246997,0.08185010915019772,0.030900131760086245,0.0780354128843121,0.030559656127904195,0.053237250919996745,0.03704990481410603,-0.06287709423910615,0.03315721874938898,0.11978284218765292,0.03832017545682587,0.18531759703607342,0.03802716437971832,-0.15292508347744244,0.043799832352188726,0.0268060042734643,0.03364225207179362,-0.15500049289566437,0.04387334769634967,0.14432769803509832,0.043031374939725774,0.3070582311546561,0.02606238720156063,-0.09700659171849872,0.03500146843201946,0.02643097582385321,0.027370580192927225,-0.00622771672556192,0.039227741031757156,0.02612660174454388,0.0364942877954679,0.06416997319498977,0.026940209738475464,-0.07998775594928155,0.02160701906902795,0.06974175561964578,0.023344222651571617,-0.21042206917549494,0.029533168983566987,0.24432737905440655,0.02208803222344198,-0.09807721453431176,0.02714220944700072,-0.12039154289747504,0.020138181738605383,0.29722655205613924,0.02540683082312426,-0.0219338513817979,0.10248306078859673,-0.06833041118366917,0.16704842035251496,0.16564275383689,0.0699495121904617,-0.16980325004970862,0.19584094190469406,0.021381126569793112,0.11519327712547904,0.25614655253115154,0.1364404013996015
15,4,norm_ratio,-0.15271485141408744,0.028427799817233257,-0.38818085600055485,0.0292610451653854,-0.05772214356837903,0.018304974200272932,-0.4176952966234989,0.029250554642318734,-0.4385023870362617,0.02465303164576196,0.4237632804123204,0.029710957341580402,0.10300654111409042,0.01606141335297123,-0.005129633958214269,0.03385644409155452,0.18141173102575409,0.05169066153939155,-0.18481955336034778,0.03238630775755734,0.0796523455093687,0.009927809089720602,0.22294692691430834,0.02815938382383671,0.024967367644431093,0.013020193660570818,0.09164464250807519,0.030227846777047918,0.06128314947751077,0.027717892883992658,0.04367509881082611,0.032572246065505725,-0.08626061744246509,0.03869271445347466,0.07082972676041725,0.037897335873329455,0.20965062910098498,0.03938988329890867,-0.15822088659584613,0.044292760434352284,0.08324049078286469,0.029450425515794274,-0.1554746400125729,0.0431689482206623,0.10138035997904718,0.03310404825983761,0.2818481430818646,0.0340356480083765,-0.0663417075527051,0.024442398757826528,0.012612684305122634,0.028535203971041458,0.002037946813861321,0.035158193370377594,0.0192218121254445,0.039307236136775135,0.06253411601213985,0.024278642933781045,-0.08732014225342624,0.02032952458513864,0.1290893192411316,0.02788073298644661,-0.17740828736090872,0.02915713453500952,0.1279497188972099,0.019255599044075894,-0.09010870392343888,0.02719097598980951,0.034263021032734875,0.027282768555608055,0.3171014443237793,0.026660366953430752,-0.008246980885188635,0.11058399139071963,-0.05440113168437664,0.17449428951030252,0.06165757897829528,0.10502949606474406,-0.18627991705767347,0.19396355600324325,-0.14837021965645272,0.22129063509445487,0.23917997802901533,0.1502607211439481
16,5,norm_ratio,-0.17966955762401646,0.028641643712890127,-0.3830666789949116,0.028983361286823574,0.05279089815145217,0.025998873184362243,-0.4111676115799793,0.025667621558439446,-0.43174933391607,0.02360860584743229,0.43398257737196344,0.02990912209070088,0.10348449512096428,0.01983272591625565,0.006154797585166483,0.048963526634260277,0.08081313672105317,0.03149157380794244,-0.15138630472882178,0.027721672840621485,0.0961436028653694,0.019813986312938268,0.2495449311922798,0.030037179498444973,0.04511572873836828,0.02192947355137778,0.08625708499654174,0.0273527763532965,0.05586719523649394,0.02679122304484587,-0.006789744663788215,0.02037915660350947,-0.076414018138064,0.021241070498465426,0.017810207196281687,0.0376055987227678,0.1960109779504585,0.04276994735000477,-0.16365988317133265,0.041570044354378236,-0.06897765316315091,0.043260897742593556,0.04685564912498135,0.03838643690938168,-0.07959063834467303,0.05567371022891404,0.2640525646353329,0.03862907082136769,-0.058310010203011395,0.031123373280111045,-0.018029912212941708,0.02989480028353073,-0.024047262513617128,0.025384465252625246,0.0014732917845470769,0.03215579708135939,-0.024709411705749067,0.017189294404604195,-0.10891931867693698,0.02452575158568293,0.1284916015649574,0.036567236001534054,-0.14498401992892457,0.029081766274300244,0.23181056568882416,0.02101499622495505,-0.019813095586504313,0.0259603095833966,-0.05372517146950011,0.03075453327819524,0.31430449619967105,0.03180873870454796,-0.01035644458822797,0.12625777700484503,-0.05362068836298121,0.1780806303482084,0.06315707670299976,0.03005296312728041,-0.1897812203241964,0.171836278444585,-0.1373399163962549,0.22450286307163525,0.23377923858684166,0.17603137294478619
17,6,norm_ratio,-0.18975923741629686,0.039983989555306826,-0.29530730383796805,0.029367992580987618,0.43179050079893216,0.02001974893338097,-0.3121736745824154,0.029559465711177957,-0.2820913041099333,0.024803455166864934,0.4274789003621017,0.016878815489660037,0.08974523115709741,0.018348040522669706,0.07844437478069297,0.04605408861763748,0.07814897666075177,0.022758627744520286,-0.08834456892268554,0.029374328851714576,0.16443203725248046,0.034386647933102345,0.1625456869353093,0.025750397630799195,0.04329528527603743,0.02001293531080166,0.09776582591381408,0.028391179700276086,0.010641541914315026,0.02941105407532399,-0.08296085817206683,0.041345770924653115,-0.02002979681751947,0.02813073910049406,-0.028599024417849655,0.038737873062559026,0.20100218578379686,0.030938740636784954,-0.11907961842844579,0.0413210392410804,0.1977592957452009,0.04469459036972999,0.12848593942152875,0.03551274821152086,-0.08424220227755133,0.04037828757389321,0.16182217155168208,0.03924843499615549,-0.003200569998178289,0.02072682799872144,-0.022899281737748856,0.034010184857208074,0.011953942992206692,0.027086578892942807,0.010778389786087975,0.028846043292595113,0.0769627381507277,0.026827726344519878,-0.09468827667076599,0.03753662554325891,0.1716149874097539,0.030308467442103436,0.027016571071572244,0.02348484616131514,0.35051375947583063,0.015000314019315172,0.26210988130682406,0.014857658979625429,0.02690317065505813,0.028514595412014888,0.3109012705071057,0.024452518663222244,-0.018906240327720678,0.12726190411060057,-0.02930263735443717,0.1590311416640238,0.17352700645799962,0.1893127822926344,-0.1611597005590559,0.11344723835180795,-0.04589635455832411,0.18848329084337664,0.18714185429318717,0.1921877082516293
18,1,spim,0.017614874666136756,0.02620007834523494,-0.3921306510476169,0.03017641480842086,0.00388583041943881,0.023792563643517346,-0.4025476620828165,0.029515222985633534,0.29997958625867194,0.027816675320433963,0.335251798152223,0.01740725660518992,0.04112200308416516,0.024676034311762324,-0.08707937164081324,0.0441479668123533,0.16536489024190648,0.03304675204301995,-0.18939921856390535,0.038443200544078904,-0.03009985703295945,0.038300630489915694,0.22338043233570543,0.03826195286465937,0.017877021094138634,0.017290947031502128,0.05333890364844477,0.03154310695767512,0.029398828105174517,0.030343090117875848,0.04397436904852738,0.0363180488154071,-0.05497857295411469,0.03173393701918418,0.08970676175755776,0.03937877221251344,0.18725917968063918,0.03091092781656775,-0.18455217224727732,0.04188269584117811,0.0645049303690021,0.018174130658043196,-0.1770717484385743,0.03443394828439053,0.174152407471652,0.03907303545980133,0.21317797837528513,0.020662511805448418,-0.0698624571839074,0.028068107545842495,0.07724438398711096,0.02721871825222096,0.045687099574866843,0.03314944987960818,0.11665962583871865,0.024402288429435086,-0.07555918803637306,0.029473868580113086,0.04289727118873768,0.0354092943584098,0.11413361372084799,0.025177342273685878,-0.2798099290132183,0.02758655579091929,0.21644758333440012,0.023746216330711424,-0.011446599433739593,0.018612057988781867,0.06984980221890859,0.023674732129489964,0.24244990535845828,0.02059727846240673,0.02553796628148018,0.024908262903233648,-0.058209536699257464,0.16002603164137313,0.0662165162555066,0.0774419603417882,-0.18265750386606477,0.18851540143024723,0.07163371875719927,0.16758446320559703,0.216112997415162,0.10701484823332802
19,2,spim,-0.014853606042368619,0.018469491803385498,-0.31613303385298264,0.028792293354575643,0.08974943241987421,0.01774866791662362,-0.41483482794192755,0.027473693985628253,0.20158153892325545,0.024336397577029614,0.36410352838986143,0.018759222164831703,0.1204393420477496,0.020708303697120293,-0.0016075753570546874,0.04651544601457639,0.25183035978943047,0.037472291570939564,-0.23494475372261242,0.026338247398539412,-0.1869055963944934,0.031246370973082103,0.22068123236453202,0.027141252899833716,0.01787027684629785,0.020043057873084587,0.07813591520090689,0.03003604569408339,0.0654545873135715,0.031694008818421625,0.015887835353060795,0.03496662679319262,-0.06912629249351672,0.03404616032732185,0.04562435828831092,0.03656617420243971,0.1646250631901967,0.03509408051721897,-0.160562508497102,0.04173740973151049,0.11675195334791959,0.021742832063974177,-0.22752554755742516,0.042362987858767735,0.09020185600029959,0.03874312844394653,0.25974774764310543,0.02299607517484454,-0.06955125548841021,0.04131968759912183,0.07505970915703934,0.02446257508111056,-0.005934585537276802,0.034415211816936846,0.05436102505572904,0.02871931279167947,-0.054206192180194214,0.018326540749074416,-0.03012777086225025,0.027164758478969243,0.039274087555095705,0.02497543543144494,-0.11962224443012097,0.029007115178708756,0.1691156219189293,0.02208486720967455,-0.22544426368317144,0.030544173006110873,-0.029992541230436376,0.022401239133225025,0.2736549614860014,0.023108955726019478,0.04115200428389295,0.0616431926345637,-0.019358113526241918,0.1446239818524993,0.13567812650762542,0.08902432819940924,-0.21129724877049302,0.18194719581424798,-0.018150116654918218,0.1679634054864236,0.21013637301423485,0.13527030281837532
20,3,spim,-0.11505162184228224,0.027579275368196758,-0.320143052375804,0.027567587025776392,0.20853638155184448,0.018350847195781287,-0.4070639071641796,0.02951416921242482,0.022035570888597884,0.02676574733981419,0.4511232253883425,0.02120713573378963,0.061863278895467,0.020136253114448284,0.029005687084557197,0.036993652839888806,0.2118822617412348,0.03218981043629994,-0.17267576816771668,0.034606678001131715,-0.1439797953733399,0.042147859255755586,0.18710905712086362,0.031314855053853896,0.006765437237128006,0.025352438027809742,0.10363780295186578,0.02975631352469492,0.07181043870085065,0.03236320101790398,0.03482689992901446,0.035839129167802006,-0.09227875780098774,0.03529036497023649,0.008739472219648329,0.025468067691018267,0.16359590604075575,0.03798216722654977,-0.16440585842063132,0.042377262082543166,0.028775546243424478,0.03377625677714577,-0.2221784696832632,0.044247545483159255,0.058582369421882566,0.04184047065426032,0.28227196161572427,0.03705582333154756,-0.07859730044637003,0.032631735659481395,0.02333515394756328,0.029882780734562284,-0.05022212856147697,0.03828520051328645,0.06948110959501491,0.030627911692914487,0.019105947486679375,0.018917049357870277,-0.06500056259813099,0.03336863483339303,0.0260928594432282,0.0199984026755045,-0.09107792253296566,0.030948340301712896,0.26428145488850835,0.025190763324709948,-0.22433583081360392,0.028052087975637446,-0.15187522180971377,0.02045167256767408,0.3167869309114907,0.032596197273684055,-0.01547430190322907,0.07882608127154236,-0.03898707800817804,0.1463707569741725,0.16407636066464332,0.07180764735192083,-0.18163759180096065,0.18641079080655157,-0.07140766076190991,0.0783413978117251,0.21565725157628476,0.186570942729936
21,4,spim,-0.14271320896459858,0.036219546735902886,-0.30635826678224876,0.030547428063324628,0.02152506679975727,0.020277811080105665,-0.40244562639625736,0.03190250107910315,-0.45749733904139456,0.02191932025996072,0.44115942664214625,0.026339151102451525,0.08571579998829532,0.021234726442771412,0.04195415955565755,0.019562429998396375,0.19953917638206048,0.03787461236544477,-0.23403711819543505,0.025688350400922457,-0.1829657433217891,0.03498083087184133,0.2208493725735794,0.02749708979823035,0.022628490766801564,0.018665870150011418,0.12568046524485582,0.02943239762534046,0.06055794310847721,0.02871707833832318,0.011007616145386923,0.029504780510287792,-0.1050325523874375,0.03620645632782237,0.06057807546811441,0.021110672144436998,0.18666501144074818,0.03701524409093779,-0.18212627705809178,0.040317749604047576,0.09606606782444782,0.027227502240116747,-0.22507304126731512,0.04704443201871285,-0.24099594507288255,0.02356921975128948,0.22912069585422393,0.04241688974092898,-0.08432447585498878,0.03026906321581669,0.005189502444217678,0.03115504283623321,-0.0661200964118375,0.03228727087663632,0.07000053843747099,0.02689880066627996,0.08217948571351595,0.015317925123345892,-0.08726376023276061,0.026191368971717973,0.028425973104036356,0.02302441641963272,-0.23274510378067123,0.03335564417212318,0.16802521911123702,0.02247378840800691,-0.2885413756665988,0.03207034694955997,-0.1360941020450755,0.021938581308144238,0.29165302271501065,0.03147742317524542,-0.011456306069833904,0.10125527933766751,-0.028848760031872842,0.15321850756838462,0.09387406209676499,0.08286417866510493,-0.20849170948210186,0.17493251648460037,-0.24849854491687368,0.1567680643398748,0.24086229156128006,0.16052479558842028
22,5,spim,-0.18928301118474808,0.035674576093428084,-0.43810636346518034,0.03816864362386314,0.2265235824310495,0.021670668459077384,-0.41619281311089884,0.025782544597557706,-0.4659385038759975,0.021520945667905363,0.4315008897622269,0.028097989680006485,0.07711908780651644,0.025259142230965852,0.14444216870567111,0.029953951174326216,0.15435538749700292,0.024233158413158856,-0.22820256370438932,0.034673694874124715,-0.2214388667173978,0.022847645374590282,0.20749862870624516,0.022342799568037905,0.03324510504703081,0.025034051643895643,0.12626497961875963,0.03305033158570464,0.08844529083489,0.03253047509139045,-0.012550580121273238,0.025523751687066873,-0.1049086525285039,0.03269774218919556,0.03315021188456291,0.026605498818965196,0.19529440098268944,0.042080238908748416,-0.22186538965852348,0.03949612391134402,-0.09738475897387343,0.036007027692627466,-0.18817283263110562,0.04665019957881457,-0.25781953128881047,0.04042535281127861,0.18343966119445404,0.04787204092480476,-0.05385403938193436,0.036420150981213234,-0.06632679473008929,0.030947121043611407,-0.05970663114021727,0.022868343356881336,0.0603617304299414,0.026005378030317636,0.09245352237752426,0.01891729440452478,-0.07356759353156152,0.024007701144724943,0.15111506984855844,0.029272770088025174,-0.29549505047303615,0.03030636033259235,0.15726041821195333,0.02265304988035777,-0.2596287178321232,0.030756052429004015,-0.28272837146833096,0.025182813082551186,0.2846865123422527,0.03306323975509419,-0.026306272777066948,0.12189346977396752,-0.04105300557865842,0.21268961846599813,0.15644142025431415,0.06281587951851347,-0.21898198564552046,0.1700483447243591,-0.26409534104063304,0.15508564541036945,0.22404991011767836,0.16769167510945032
23,6,spim,-0.20877153555228672,0.0322814284337556,-0.04157155471577022,0.02911722510672498,0.4315523725161623,0.01982170405370958,-0.4186068658280441,0.017301611020591082,-0.4341712929701603,0.01968299963845035,0.3329277748751272,0.02420106914999446,-0.03891846352811939,0.038575056516758056,0.07918427136088024,0.023028931134183556,-0.010153945941398753,0.038022174656568514,-0.1356991481316582,0.025767488625041298,0.07945619650342559,0.03216628209675152,0.02247470287815758,0.04484895709568188,0.013541182426343043,0.026310740398501904,0.11541014561823615,0.03600185849087042,0.01759842419319733,0.02725382714707811,-0.06339837218794275,0.0363632242482759,0.015693978636612586,0.03090401091094898,-0.033911280859458603,0.036909328083395046,0.08262407777390118,0.035297445224028605,-0.15728273628983644,0.038817917924884614,0.13793994865812978,0.044288074179556,-0.12774546983673424,0.037930606375173,-0.1875451240728961,0.050028782634023536,0.049794483890304095,0.038965305766002,-0.028301359184771245,0.025633417342381244,0.024451901344498483,0.0249066325376656,0.017119447029986676,0.03210159314727092,0.008302330863429167,0.026884278975179685,0.04952644768585554,0.02624346852222522,-0.11970269119582062,0.02735788657987403,0.1527148227198662,0.02992152707501152,0.030642814716187423,0.028048372828117177,0.26583470736980697,0.02371331654782629,-0.19132573407061199,0.03299175477963473,-0.3244716100841398,0.02703505374491661,0.21021382179615306,0.030820989021682822,-0.07804960555135436,0.10155427341586044,-0.013520992398452832,0.10955340685623646,0.14633228358932027,0.2073927365846728,-0.20590146204921497,0.15815326291903184,-0.11300703927670737,0.23407334560179294,0.10716373229794206,0.16775112029262146
